ID,Case Number,Date,Block,IUCR,Primary Type,Description,Location Description,Arrest,Domestic,Beat,District,Ward,Community Area,FBI Code,X Coordinate,Y Coordinate,Year,Updated On,Latitude,Longitude,Location
11094370,JA440032,09/21/2017 12:15:00 AM,072XX N CALIFORNIA AVE,1122,DECEPTIVE PRACTICE,COUNTERFEIT CHECK,CURRENCY EXCHANGE,TRUE,FALSE,2411,24,50,2,10,1156443,1947707,2017,03/01/2018 15:52,42.0122934,-87.69971411,"(42.012293397, -87.699714109)"
11118031,JA470589,10/12/2017 19:14,055XX W GRAND AVE,1345,CRIMINAL DAMAGE,TO CITY OF CHICAGO PROPERTY,JAIL / LOCK-UP FACILITY,TRUE,FALSE,2515,25,29,19,14,1138788,1913480,2017,03/01/2018 15:52,41.91871165,-87.76551063,"(41.918711651, -87.76551063)"
11134189,JA491697,10/30/2017 11:52:00 AM,043XX S TALMAN AVE,4651,OTHER OFFENSE,SEX OFFENDER: FAIL REG NEW ADD,APARTMENT,TRUE,FALSE,922,9,12,58,26,1159425,1875711,2017,03/01/2018 15:52,41.81466978,-87.6907267,"(41.814669784, -87.690726696)"
11156462,JA521389,09/29/2017 06:45:00 PM,055XX W BELMONT AVE,1110,DECEPTIVE PRACTICE,BOGUS CHECK,CURRENCY EXCHANGE,TRUE,FALSE,2514,25,30,19,11,1138653,1920720,2017,03/01/2018 15:52,41.93858144,-87.76583058,"(41.938581442, -87.765830579)"
11164874,JA531910,12/01/2017 6:20,022XX W CHICAGO AVE,265,CRIM SEXUAL ASSAULT,AGGRAVATED: OTHER,STREET,TRUE,FALSE,1221,12,32,24,2,1161264,1905292,2017,03/01/2018 15:52,41.8958051,-87.68315936,"(41.895805099, -87.683159355)"
10974196,JA298243,06/08/2017 16:02,001XX E 59TH ST,143A,WEAPONS VIOLATION,UNLAWFUL POSS OF HANDGUN,ALLEY,TRUE,FALSE,232,2,20,40,15,1178308,1865932,2017,02/11/2018 15:54,41.78742694,-87.62175873,"(41.78742694, -87.621758727)"
10995008,JA322389,06/25/2017 07:00:00 PM,003XX W 103RD ST,031A,ROBBERY,ARMED: HANDGUN,SMALL RETAIL STORE,TRUE,FALSE,511,5,9,49,3,1175895,1836626,2017,02/11/2018 15:54,41.70706214,-87.63148256,"(41.707062135, -87.631482564)"
11086755,JA430240,09/06/2017 13:30,032XX W 26TH ST,810,THEFT,OVER $500,OTHER,TRUE,FALSE,1024,10,12,30,6,1155313,1886555,2017,02/11/2018 15:54,41.84451047,-87.70551945,"(41.844510467, -87.705519454)"
11157652,JA522842,11/23/2017 03:14:00 PM,003XX E 47TH ST,051A,ASSAULT,AGGRAVATED: HANDGUN,DEPARTMENT STORE,FALSE,FALSE,215,2,3,38,04A,1178967,1873924,2017,02/11/2018 15:54,41.80934273,-87.619099,"(41.809342727, -87.619098999)"
11162428,JA529032,11/28/2017 09:43:00 PM,026XX S CALIFORNIA BLVD,5131,OTHER OFFENSE,VIOLENT OFFENDER: ANNUAL REGISTRATION,JAIL / LOCK-UP FACILITY,TRUE,FALSE,1034,10,12,30,26,1158280,1886310,2017,02/11/2018 15:54,41.84377813,-87.69463768,"(41.843778126, -87.694637678)"
11175304,JA545986,12/11/2017 19:15,007XX N SACRAMENTO BLVD,031A,ROBBERY,ARMED: HANDGUN,SIDEWALK,TRUE,FALSE,1221,12,27,23,3,1156092,1904769,2017,02/11/2018 15:54,41.89447592,-87.70216916,"(41.894475919, -87.702169158)"
11175934,JA546734,12/12/2017 18:00,007XX N OAKLEY BLVD,031A,ROBBERY,ARMED: HANDGUN,STREET,TRUE,FALSE,1221,12,32,24,3,1160934,1905033,2017,02/11/2018 15:54,41.89510124,-87.68437857,"(41.895101237, -87.684378568)"
11230118,JB151212,11/22/2017 09:08:00 PM,003XX W 79TH ST,1122,DECEPTIVE PRACTICE,COUNTERFEIT CHECK,CURRENCY EXCHANGE,TRUE,FALSE,623,6,17,44,10,,,2017,03/01/2018 15:52,,,
11172603,JA541446,12/08/2017 3:00,033XX S KEDZIE AVE,1020,ARSON,BY FIRE,"SCHOOL, PRIVATE, BUILDING",FALSE,FALSE,1032,10,22,30,9,1155572,1882206,2017,03/01/2018 15:54,41.83257109,-87.70468577,"(41.832571089, -87.704685773)"
11223717,JB141803,02/04/2018 15:25,044XX W WASHINGTON BLVD,1153,DECEPTIVE PRACTICE,FINANCIAL IDENTITY THEFT OVER $ 300,,FALSE,FALSE,1113,11,28,26,11,,,2018,02/11/2018 15:57,,,
11227287,JB147188,10/08/2017 3:00,092XX S RACINE AVE,281,CRIM SEXUAL ASSAULT,NON-AGGRAVATED,RESIDENCE,FALSE,FALSE,2222,22,21,73,2,,,2017,02/11/2018 15:57,,,
11227293,JB147230,09/09/2017 20:17,060XX S EBERHART AVE,810,THEFT,OVER $500,RESIDENCE,FALSE,FALSE,313,3,20,42,6,,,2017,02/11/2018 15:57,,,
11227475,JB147314,11/22/2017 02:42:00 AM,056XX N CHRISTIANA AVE,2826,OTHER OFFENSE,HARASSMENT BY ELECTRONIC MEANS,APARTMENT,FALSE,TRUE,1711,17,39,13,26,,,2017,02/11/2018 15:57,,,
11227505,JB146342,06/01/2017 0:01,115XX S ABERDEEN ST,1751,OFFENSE INVOLVING CHILDREN,CRIM SEX ABUSE BY FAM MEMBER,RESIDENCE,FALSE,FALSE,524,5,34,53,20,,,2017,02/11/2018 15:57,,,
11227508,JB146365,01/01/2017 0:01,027XX S WHIPPLE ST,1754,OFFENSE INVOLVING CHILDREN,AGG SEX ASSLT OF CHILD FAM MBR,RESIDENCE,FALSE,FALSE,1033,10,12,30,2,,,2017,02/11/2018 15:57,,,
11227509,JB146413,01/22/2017 12:01:00 AM,079XX S JEFFERY BLVD,1752,OFFENSE INVOLVING CHILDREN,AGG CRIM SEX ABUSE FAM MEMBER,APARTMENT,FALSE,FALSE,414,4,8,46,20,,,2017,02/11/2018 15:57,,,
11227512,JB138735,09/05/2017 0:01,020XX N LECLAIRE AVE,1754,OFFENSE INVOLVING CHILDREN,AGG SEX ASSLT OF CHILD FAM MBR,RESIDENCE,FALSE,FALSE,2522,25,31,19,2,,,2017,02/11/2018 15:57,,,
11227513,JB137941,09/01/2017 9:00,030XX W HARRISON ST,1562,SEX OFFENSE,AGG CRIMINAL SEXUAL ABUSE,"SCHOOL, PUBLIC, BUILDING",FALSE,FALSE,1134,11,28,27,17,,,2017,02/11/2018 15:57,,,
11227569,JB147582,10/01/2017 0:00,004XX E 71ST ST,1582,OFFENSE INVOLVING CHILDREN,CHILD PORNOGRAPHY,APARTMENT,FALSE,FALSE,323,3,6,69,17,,,2017,02/11/2018 15:57,,,
11227583,JB147595,03/28/2017 02:00:00 PM,026XX W 79TH ST,620,BURGLARY,UNLAWFUL ENTRY,OTHER,FALSE,FALSE,835,8,18,70,5,,,2017,02/11/2018 15:57,,,
11227586,JB147613,02/10/2017 12:00,089XX S COTTAGE GROVE AVE,1310,CRIMINAL DAMAGE,TO PROPERTY,APARTMENT,FALSE,FALSE,633,6,8,44,14,,,2017,02/11/2018 15:57,,,
11227633,JB147500,12/28/2017 03:55:00 PM,011XX S MICHIGAN AVE,1153,DECEPTIVE PRACTICE,FINANCIAL IDENTITY THEFT OVER $ 300,,FALSE,FALSE,123,1,2,32,11,,,2017,02/11/2018 15:57,,,
11227634,JB147599,08/26/2017 10:00:00 AM,001XX W RANDOLPH ST,281,CRIM SEXUAL ASSAULT,NON-AGGRAVATED,HOTEL/MOTEL,FALSE,FALSE,122,1,42,32,2,,,2017,02/11/2018 15:57,,,
23810,JB140548,02/04/2018 1:36,117XX S SANGAMON ST,110,HOMICIDE,FIRST DEGREE MURDER,STREET,FALSE,FALSE,524,5,34,53,01A,1172100,1827003,2018,02/11/2018 15:57,41.68073915,-87.64566114,"(41.68073915, -87.645661144)"
11123850,JA478106,10/20/2017 01:15:00 AM,076XX S LOWE AVE,1020,ARSON,BY FIRE,VEHICLE NON-COMMERCIAL,FALSE,FALSE,621,6,17,71,9,1173288,1854309,2017,02/12/2018 15:49,41.75564461,-87.64050812,"(41.755644606, -87.640508123)"
10929491,JA244606,04/29/2017 11:38:00 PM,028XX W 21ST PL,496,BATTERY,AGGRAVATED DOMESTIC BATTERY: KNIFE/CUTTING INST,APARTMENT,TRUE,FALSE,1023,10,12,30,04B,1157704,1889592,2017,02/12/2018 15:46,41.85279603,-87.6966622,"(41.852796034, -87.696662196)"
11071841,JA411505,08/30/2017 01:04:00 AM,013XX N SPAULDING AVE,041A,BATTERY,AGGRAVATED: HANDGUN,STREET,TRUE,FALSE,1422,14,26,23,04B,1154121,1908599,2017,02/12/2018 15:46,41.90502536,-87.70930578,"(41.905025355, -87.709305775)"
11092775,JA438054,09/17/2017 11:53:00 AM,099XX S WESTERN AVE,1150,DECEPTIVE PRACTICE,CREDIT CARD FRAUD,GAS STATION,TRUE,FALSE,2213,22,19,72,11,1162136,1838580,2017,02/12/2018 15:46,41.71272093,-87.68181398,"(41.712720927, -87.681813981)"
11166132,JA533860,12/02/2017 14:45,112XX S INDIANA AVE,810,THEFT,OVER $500,RESIDENTIAL YARD (FRONT/BACK),FALSE,FALSE,531,5,9,49,6,1179573,1830461,2017,02/12/2018 15:46,41.69006147,-87.61820129,"(41.69006147, -87.618201285)"
23128,JA149608,02/11/2017 7:05,001XX N MENARD AVE,110,HOMICIDE,FIRST DEGREE MURDER,ALLEY,TRUE,FALSE,1512,15,29,25,01A,1137692,1900424,2017,03/01/2018 15:52,41.88290423,-87.76985258,"(41.882904225, -87.769852575)"
11225457,JB144550,02/05/2018 18:00,013XX N LA SALLE DR,890,THEFT,FROM BUILDING,RESIDENCE-GARAGE,FALSE,FALSE,1821,18,43,8,6,,,2018,02/12/2018 15:49,,,
11227960,JB148137,10/20/2017 09:00:00 AM,008XX N PAULINA ST,2826,OTHER OFFENSE,HARASSMENT BY ELECTRONIC MEANS,RESIDENCE,FALSE,TRUE,1213,12,1,24,26,,,2017,02/12/2018 15:49,,,
11228056,JB148123,11/21/2017 12:00:00 PM,028XX N SACRAMENTO AVE,1152,DECEPTIVE PRACTICE,ILLEGAL USE CASH CARD,APARTMENT,FALSE,FALSE,1411,14,35,21,11,,,2017,02/12/2018 15:49,,,
11228094,JB148335,11/20/2017 03:00:00 PM,055XX N CHRISTIANA AVE,1156,DECEPTIVE PRACTICE,ATTEMPT - FINANCIAL IDENTITY THEFT,POOL ROOM,FALSE,FALSE,1712,17,40,13,11,,,2017,02/12/2018 15:49,,,
11228256,JB148524,09/07/2017 18:00,035XX N WILTON AVE,1153,DECEPTIVE PRACTICE,FINANCIAL IDENTITY THEFT OVER $ 300,RESIDENCE,FALSE,FALSE,1924,19,44,6,11,,,2017,02/12/2018 15:49,,,
11228287,JB148482,01/03/2018 15:45,0000X W C1 ST,810,THEFT,OVER $500,AIRPORT TERMINAL LOWER LEVEL - NON-SECURE AREA,FALSE,FALSE,1651,16,41,76,6,,,2018,02/12/2018 15:49,,,
11228293,JB148253,07/01/2017 20:40,060XX S TALMAN AVE,1153,DECEPTIVE PRACTICE,FINANCIAL IDENTITY THEFT OVER $ 300,,FALSE,FALSE,825,8,15,66,11,,,2017,02/12/2018 15:49,,,
11228565,JB148941,12/16/2017 02:30:00 PM,102XX S EBERHART AVE,610,BURGLARY,FORCIBLE ENTRY,VACANT LOT/LAND,FALSE,FALSE,511,5,9,49,5,,,2017,02/12/2018 15:49,,,
11228573,JB148940,11/01/2017 15:00,004XX E 33RD ST,2825,OTHER OFFENSE,HARASSMENT BY TELEPHONE,RESIDENCE,FALSE,TRUE,211,2,4,35,26,,,2017,02/12/2018 15:49,,,
23811,JB141441,02/05/2018 1:10,118XX S INDIANA AVE,110,HOMICIDE,FIRST DEGREE MURDER,VACANT LOT,FALSE,FALSE,532,5,9,53,01A,1179707,1826280,2018,02/12/2018 15:49,41.67858515,-87.61783783,"(41.678585145, -87.617837834)"
10846398,JA149775,02/11/2017 10:46,001XX S CENTRAL AVE,502P,OTHER OFFENSE,FALSE/STOLEN/ALTERED TRP,STREET,FALSE,FALSE,1513,15,29,25,26,1139086,1898605,2017,02/13/2018 03:56:09 PM,41.87788742,-87.76477792,"(41.877887422, -87.76477792)"
10856922,JA162189,02/21/2017 03:15:00 PM,016XX W 79TH ST,1330,CRIMINAL TRESPASS,TO LAND,APARTMENT,TRUE,FALSE,611,6,21,71,26,1166608,1852321,2017,02/13/2018 03:56:09 PM,41.75033427,-87.66504531,"(41.75033427, -87.665045312)"
11043709,JA378592,08/05/2017 15:45,038XX W GRENSHAW ST,313,ROBBERY,ARMED: OTHER DANGEROUS WEAPON,SIDEWALK,TRUE,FALSE,1133,11,24,29,3,1151090,1894768,2017,02/13/2018 03:56:09 PM,41.86713159,-87.7208023,"(41.867131594, -87.720802297)"
11126911,JA482268,10/23/2017 09:37:00 AM,019XX W CORTLAND ST,495,BATTERY,AGGRAVATED OF A SENIOR CITIZEN,STREET,TRUE,FALSE,1434,14,32,22,04B,1162975,1912649,2017,02/13/2018 03:56:09 PM,41.91595749,-87.67666839,"(41.915957492, -87.676668385)"
11143767,JA504025,11/08/2017 2:32,009XX N MASSASOIT AVE,620,BURGLARY,UNLAWFUL ENTRY,RESIDENCE,TRUE,FALSE,1511,15,29,25,5,1137852,1905732,2017,02/13/2018 03:56:09 PM,41.89746717,-87.76913688,"(41.897467171, -87.769136879)"
11145578,JA506751,11/10/2017 16:00,013XX S KARLOV AVE,486,BATTERY,DOMESTIC BATTERY SIMPLE,APARTMENT,TRUE,TRUE,1011,10,24,29,08B,1149269,1893370,2017,02/13/2018 03:56:09 PM,41.86333078,-87.72752371,"(41.863330777, -87.727523713)"
11146097,JA507458,11/11/2017 2:30,056XX S GREEN ST,430,BATTERY,AGGRAVATED: OTHER DANG WEAPON,APARTMENT,TRUE,TRUE,712,7,20,68,04B,1171599,1867535,2017,02/13/2018 03:56:09 PM,41.79197549,-87.64631068,"(41.791975485, -87.64631068)"
11151046,JA513954,11/16/2017 12:00:00 PM,013XX S KARLOV AVE,486,BATTERY,DOMESTIC BATTERY SIMPLE,ALLEY,TRUE,TRUE,1011,10,24,29,08B,1149269,1893370,2017,02/13/2018 03:56:09 PM,41.86333078,-87.72752371,"(41.863330777, -87.727523713)"
11164834,JA532022,12/01/2017 7:30,013XX S KARLOV AVE,1320,CRIMINAL DAMAGE,TO VEHICLE,RESIDENTIAL YARD (FRONT/BACK),TRUE,TRUE,1011,10,24,29,14,1149269,1893370,2017,02/13/2018 03:56:09 PM,41.86333078,-87.72752371,"(41.863330777, -87.727523713)"
11170225,JA538651,12/06/2017 9:15,092XX S COTTAGE GROVE AVE,031A,ROBBERY,ARMED: HANDGUN,SIDEWALK,TRUE,FALSE,633,6,9,44,3,1183175,1844016,2017,02/13/2018 03:56:09 PM,41.72717528,-87.60459441,"(41.727175279, -87.604594406)"
11172432,JA542024,12/08/2017 9:00,040XX N SACRAMENTO AVE,610,BURGLARY,FORCIBLE ENTRY,APARTMENT,TRUE,FALSE,1724,17,33,16,5,1155663,1926747,2017,02/13/2018 03:56:09 PM,41.95479392,-87.70315154,"(41.954793921, -87.703151539)"
11223707,JB141873,02/05/2018 0:00,061XX N KENMORE AVE,2820,OTHER OFFENSE,TELEPHONE THREAT,RESIDENCE,FALSE,FALSE,2433,24,48,77,26,,,2018,02/12/2018 15:49,,,
11195036,JB104139,11/02/2017 0:00,025XX N LINDEN PL,1120,DECEPTIVE PRACTICE,FORGERY,COMMERCIAL / BUSINESS OFFICE,FALSE,FALSE,1414,14,35,22,10,1155044,1916598,2017,02/13/2018 03:56:09 PM,41.92695681,-87.70570027,"(41.926956806, -87.705700265)"
11223630,JB140001,02/03/2018 14:40,050XX S COTTAGE GROVE AVE,1310,CRIMINAL DAMAGE,TO PROPERTY,SMALL RETAIL STORE,FALSE,FALSE,223,2,4,38,14,,,2018,04/25/2018 03:54:41 PM,,,
11227476,JB147378,12/18/2017 12:00:00 PM,053XX N LINDER AVE,1152,DECEPTIVE PRACTICE,ILLEGAL USE CASH CARD,APARTMENT,FALSE,FALSE,1623,16,45,11,11,,,2017,02/13/2018 03:56:09 PM,,,
10817335,JA117566,01/16/2017 12:30:00 AM,077XX S SOUTH SHORE DR,620,BURGLARY,UNLAWFUL ENTRY,APARTMENT,FALSE,FALSE,421,4,7,43,5,1197202,1854810,2017,02/10/2018 15:50,41.75645749,-87.55285393,"(41.756457493, -87.552853934)"
10817336,JA117586,01/16/2017 04:03:00 AM,026XX E 75TH ST,460,BATTERY,SIMPLE,STREET,FALSE,FALSE,421,4,7,43,08B,1194900,1855736,2017,02/10/2018 15:50,41.75905551,-87.56125968,"(41.759055505, -87.561259676)"
11228604,JB149032,12/14/2017 06:30:00 PM,063XX S STONY ISLAND AVE,810,THEFT,OVER $500,ATHLETIC CLUB,FALSE,FALSE,314,3,20,42,6,,,2017,02/13/2018 03:58:53 PM,,,
11228628,JB149091,11/22/2017 12:01:00 AM,080XX S MANISTEE AVE,4651,OTHER OFFENSE,SEX OFFENDER: FAIL REG NEW ADD,RESIDENCE,FALSE,FALSE,422,4,7,46,26,,,2017,02/13/2018 03:58:53 PM,,,
11228656,JB149151,01/01/2017 6:00,081XX S ELLIS AVE,1153,DECEPTIVE PRACTICE,FINANCIAL IDENTITY THEFT OVER $ 300,RESIDENCE,FALSE,FALSE,631,6,8,44,11,,,2017,02/13/2018 03:58:53 PM,,,
11228685,JB149208,01/01/2017 12:00,108XX S FOREST AVE,1153,DECEPTIVE PRACTICE,FINANCIAL IDENTITY THEFT OVER $ 300,RESIDENCE,FALSE,FALSE,513,5,9,49,11,,,2017,02/13/2018 03:58:53 PM,,,
11228710,JB149234,03/27/2017 12:01:00 AM,031XX W AUGUSTA BLVD,1153,DECEPTIVE PRACTICE,FINANCIAL IDENTITY THEFT OVER $ 300,APARTMENT,FALSE,FALSE,1211,12,26,23,11,,,2017,02/13/2018 03:58:53 PM,,,
11228723,JB149162,11/01/2017 6:00,016XX W AINSLIE ST,1153,DECEPTIVE PRACTICE,FINANCIAL IDENTITY THEFT OVER $ 300,APARTMENT,FALSE,FALSE,2032,20,47,3,11,,,2017,02/13/2018 03:58:53 PM,,,
11228780,JB149380,11/23/2017 12:30:00 PM,007XX N AVERS AVE,610,BURGLARY,FORCIBLE ENTRY,RESIDENCE,FALSE,FALSE,1112,11,27,23,5,,,2017,02/13/2018 03:58:53 PM,,,
11228873,JB149562,07/01/2017 0:00,019XX W ROSCOE ST,1153,DECEPTIVE PRACTICE,FINANCIAL IDENTITY THEFT OVER $ 300,RESIDENCE,FALSE,FALSE,1922,19,32,5,11,,,2017,02/13/2018 03:58:53 PM,,,
11228877,JB149540,10/23/2017 04:00:00 PM,066XX N MAPLEWOOD AVE,1153,DECEPTIVE PRACTICE,FINANCIAL IDENTITY THEFT OVER $ 300,APARTMENT,FALSE,FALSE,2412,24,50,2,11,,,2017,02/13/2018 03:58:53 PM,,,
11228887,JB149545,12/29/2017 05:00:00 PM,087XX S ASHLAND AVE,810,THEFT,OVER $500,RESTAURANT,FALSE,FALSE,2221,22,21,71,6,,,2017,02/13/2018 03:58:53 PM,,,
11228889,JB149527,11/01/2017 0:01,076XX S CLYDE AVE,2820,OTHER OFFENSE,TELEPHONE THREAT,RESIDENCE,FALSE,FALSE,414,4,8,43,26,,,2017,02/13/2018 03:58:53 PM,,,
11228897,JB149633,09/01/2017 8:00,022XX N LOCKWOOD AVE,1154,DECEPTIVE PRACTICE,FINANCIAL IDENTITY THEFT $300 AND UNDER,RESIDENCE,FALSE,FALSE,2515,25,37,19,11,,,2017,02/13/2018 03:58:53 PM,,,
11228900,JB149617,09/12/2017 9:00,065XX W ADDISON ST,1153,DECEPTIVE PRACTICE,FINANCIAL IDENTITY THEFT OVER $ 300,RESIDENCE,FALSE,FALSE,1632,16,36,17,11,,,2017,02/13/2018 03:58:53 PM,,,
11228908,JB149546,08/09/2017 22:55,063XX N SHERIDAN RD,1320,CRIMINAL DAMAGE,TO VEHICLE,RESIDENCE-GARAGE,FALSE,FALSE,2433,24,49,77,14,,,2017,02/13/2018 03:58:53 PM,,,
11228964,JB149656,12/24/2017 02:00:00 AM,005XX S STATE ST,330,ROBBERY,AGGRAVATED,CONVENIENCE STORE,FALSE,FALSE,123,1,2,32,3,,,2017,02/13/2018 03:58:53 PM,,,
11229067,JB149469,08/12/2017 14:45,043XX S MICHIGAN AVE,1153,DECEPTIVE PRACTICE,FINANCIAL IDENTITY THEFT OVER $ 300,,FALSE,FALSE,215,2,3,38,11,,,2017,02/13/2018 03:58:53 PM,,,
11229073,JB149473,09/13/2017 01:40:00 PM,031XX W AUGUSTA BLVD,1153,DECEPTIVE PRACTICE,FINANCIAL IDENTITY THEFT OVER $ 300,,FALSE,FALSE,1211,12,26,23,11,,,2017,02/13/2018 03:58:53 PM,,,
11229088,JB149417,05/16/2017 12:20:00 PM,011XX W PRATT BLVD,1153,DECEPTIVE PRACTICE,FINANCIAL IDENTITY THEFT OVER $ 300,,FALSE,FALSE,2431,24,49,1,11,,,2017,02/13/2018 03:58:53 PM,,,
11229244,JB150022,12/16/2017 09:30:00 AM,028XX W SUMMERDALE AVE,560,ASSAULT,SIMPLE,RESIDENTIAL YARD (FRONT/BACK),FALSE,FALSE,2011,20,40,4,08A,,,2017,02/13/2018 03:58:53 PM,,,
11229320,JB150109,09/29/2017 06:30:00 PM,058XX N CUMBERLAND AVE,820,THEFT,$500 AND UNDER,CTA STATION,FALSE,FALSE,1614,16,41,76,6,,,2017,02/13/2018 03:58:53 PM,,,
23812,JB142661,02/06/2018 4:10,062XX S MAY ST,110,HOMICIDE,FIRST DEGREE MURDER,APARTMENT,FALSE,FALSE,712,7,16,68,01A,1169720,1863456,2018,02/13/2018 03:58:53 PM,41.78082323,-87.65331894,"(41.78082323, -87.653318937)"
11092090,JA437082,09/15/2017 04:00:00 PM,021XX N HUDSON AVE,1544,SEX OFFENSE,SEXUAL EXPLOITATION OF A CHILD,RESIDENCE,FALSE,FALSE,1812,18,43,7,17,1172933,1914453,2017,02/14/2018 03:49:00 PM,41.9206927,-87.64003,"(41.9206927, -87.640029998)"
11143821,JA504356,11/08/2017 18:34,0000X N STATE ST,860,THEFT,RETAIL THEFT,SMALL RETAIL STORE,TRUE,FALSE,112,1,42,32,6,1176364,1900524,2017,02/14/2018 03:49:00 PM,41.88239406,-87.6278448,"(41.882394062, -87.627844798)"
11162829,JA529201,11/29/2017 05:30:00 AM,047XX N WHIPPLE ST,486,BATTERY,DOMESTIC BATTERY SIMPLE,APARTMENT,TRUE,FALSE,1713,17,33,14,08B,1155190,1931288,2017,02/14/2018 03:49:00 PM,41.96726424,-87.70476792,"(41.967264235, -87.704767917)"
11174601,JA544990,12/08/2017 20:00,006XX N LAKE SHORE DR,620,BURGLARY,UNLAWFUL ENTRY,RESIDENCE,FALSE,FALSE,1834,18,42,8,5,1179651,1905033,2017,02/14/2018 03:49:00 PM,41.89469218,-87.61563657,"(41.894692183, -87.615636574)"
11175208,JA545805,12/12/2017 2:04,091XX S HARPER AVE,033A,ROBBERY,ATTEMPT: ARMED-HANDGUN,RESIDENTIAL YARD (FRONT/BACK),TRUE,FALSE,413,4,8,48,3,1188042,1844733,2017,02/14/2018 03:49:00 PM,41.72902835,-87.58674337,"(41.729028352, -87.58674337)"
10817338,JA117521,01/16/2017 12:40:00 AM,077XX S EAST END AVE,486,BATTERY,DOMESTIC BATTERY SIMPLE,APARTMENT,FALSE,TRUE,414,4,8,43,08B,1188880,1853973,2017,02/10/2018 15:50,41.75436382,-87.58337864,"(41.754363819, -87.583378637)"
10817339,JA117441,01/15/2017 10:05:00 PM,028XX W LOGAN BLVD,320,ROBBERY,STRONGARM - NO WEAPON,OTHER,FALSE,FALSE,1414,14,35,22,3,1156840,1917156,2017,02/10/2018 15:50,41.92845174,-87.69908555,"(41.928451735, -87.699085554)"
10817340,JA117532,01/16/2017 12:30:00 AM,083XX S BUFFALO AVE,051A,ASSAULT,AGGRAVATED: HANDGUN,RESIDENCE,FALSE,TRUE,424,4,10,46,04A,1199589,1850353,2017,02/10/2018 15:50,41.74416743,-87.54425606,"(41.744167427, -87.544256056)"
10817341,JA117588,01/16/2017 04:15:00 AM,057XX S PRAIRIE AVE,320,ROBBERY,STRONGARM - NO WEAPON,SIDEWALK,FALSE,FALSE,232,2,20,40,3,1179019,1867064,2017,02/10/2018 15:50,41.79051708,-87.61911734,"(41.79051708, -87.619117338)"
10817343,JA117590,01/16/2017 01:10:00 AM,055XX S PRAIRIE AVE,820,THEFT,$500 AND UNDER,STREET,FALSE,FALSE,231,2,20,40,6,1178989,1868154,2017,02/10/2018 15:50,41.79350883,-87.61919414,"(41.793508827, -87.619194139)"
10817344,JA117596,01/16/2017 02:30:00 AM,037XX W HAYFORD ST,1320,CRIMINAL DAMAGE,TO VEHICLE,STREET,FALSE,FALSE,833,8,18,70,14,1152453,1854187,2017,02/10/2018 15:50,41.75574488,-87.71686718,"(41.75574488, -87.716867182)"
10817346,JA117589,01/16/2017 04:30:00 AM,004XX E 95TH ST,1310,CRIMINAL DAMAGE,TO PROPERTY,GAS STATION,FALSE,FALSE,633,6,9,49,14,1180667,1842071,2017,02/10/2018 15:50,41.72189586,-87.61384102,"(41.721895856, -87.613841024)"
11224569,JB143064,02/06/2018 8:01,035XX S ARCHER AVE,560,ASSAULT,SIMPLE,VEHICLE NON-COMMERCIAL,FALSE,FALSE,912,9,11,59,08A,,,2018,02/13/2018 03:58:53 PM,,,
10805378,JA104278,01/01/2017 2:00,046XX S VINCENNES AVE,281,CRIM SEXUAL ASSAULT,NON-AGGRAVATED,RESIDENCE,FALSE,FALSE,221,2,3,38,2,1180398,1874151,2017,02/10/2018 15:50,41.80993288,-87.61384343,"(41.80993288, -87.613843427)"
10807256,JA103781,01/02/2017 20:00,036XX W 19TH ST,1750,OFFENSE INVOLVING CHILDREN,CHILD ABUSE,APARTMENT,FALSE,TRUE,1014,10,24,29,20,1152117,1890382,2017,02/10/2018 15:50,41.85507573,-87.71714757,"(41.855075732, -87.717147574)"
10807989,JA106895,01/06/2017 23:00,003XX N HALSTED ST,810,THEFT,OVER $500,PARKING LOT/GARAGE(NON.RESID.),FALSE,FALSE,1214,12,27,28,6,1170974,1902779,2017,02/10/2018 15:50,41.88870181,-87.64757061,"(41.888701814, -87.647570608)"
10808963,JA108131,01/07/2017 21:30,026XX W 21ST PL,620,BURGLARY,UNLAWFUL ENTRY,RESIDENCE,FALSE,FALSE,1023,10,28,30,5,1159108,1889630,2017,02/10/2018 15:50,41.85287163,-87.69150802,"(41.852871629, -87.691508016)"
10809005,JA107338,01/07/2017 13:59,015XX S HARDING AVE,486,BATTERY,DOMESTIC BATTERY SIMPLE,APARTMENT,FALSE,FALSE,1014,10,24,29,08B,1150301,1892125,2017,02/10/2018 15:50,41.8598943,-87.72376774,"(41.859894302, -87.723767741)"
10809008,JA107334,01/07/2017 13:25,043XX W MAYPOLE AVE,486,BATTERY,DOMESTIC BATTERY SIMPLE,APARTMENT,FALSE,TRUE,1114,11,28,26,08B,1147236,1901097,2017,02/10/2018 15:50,41.88457371,-87.73478897,"(41.884573706, -87.734788966)"
10809056,JA107737,01/07/2017 20:07,056XX W CHICAGO AVE,1320,CRIMINAL DAMAGE,TO VEHICLE,STREET,FALSE,FALSE,1511,15,29,25,14,1138792,1904784,2017,02/10/2018 15:50,41.89484873,-87.76570736,"(41.894848727, -87.765707358)"
10809062,JA107761,01/07/2017 21:10,037XX W 77TH ST,033B,ROBBERY,ATTEMPT: ARMED-OTHER FIREARM,STREET,FALSE,FALSE,833,8,18,70,3,1152332,1853136,2017,02/10/2018 15:50,41.75286314,-87.7173382,"(41.752863139, -87.717338201)"
10809063,JA106648,01/06/2017 19:30,021XX W 51ST PL,486,BATTERY,DOMESTIC BATTERY SIMPLE,RESIDENCE,FALSE,TRUE,932,9,16,61,08B,1162831,1870499,2017,02/10/2018 15:50,41.80029685,-87.6783787,"(41.800296853, -87.678378703)"
10809064,JA106559,01/06/2017 12:00,062XX S CALIFORNIA AVE,560,ASSAULT,SIMPLE,OTHER,FALSE,FALSE,825,8,15,66,08A,1158780,1863241,2017,02/10/2018 15:50,41.78046365,-87.69343316,"(41.780463647, -87.693433155)"
10809102,JA107797,01/07/2017 22:00,016XX W 115TH ST,1330,CRIMINAL TRESPASS,TO LAND,RESTAURANT,FALSE,FALSE,2234,22,34,75,26,1167222,1828439,2017,02/10/2018 15:50,41.68478524,-87.66347623,"(41.684785236, -87.66347623)"
10809124,JA107381,01/05/2017 19:00,063XX W DIVERSEY AVE,460,BATTERY,SIMPLE,STREET,FALSE,FALSE,2511,25,29,19,08B,1133787,1917936,2017,02/10/2018 15:50,41.93102883,-87.78378017,"(41.931028833, -87.78378017)"
10809125,JA106544,01/05/2017 19:00,063XX W DIVERSEY AVE,1320,CRIMINAL DAMAGE,TO VEHICLE,STREET,FALSE,FALSE,2511,25,29,19,14,1133799,1917936,2017,02/10/2018 15:50,41.93102862,-87.78373607,"(41.931028622, -87.783736072)"
10809136,JA107316,01/07/2017 9:30,059XX S JUSTINE ST,330,ROBBERY,AGGRAVATED,SIDEWALK,FALSE,FALSE,713,7,15,67,3,1167022,1865434,2017,02/10/2018 15:50,41.78630923,-87.66315381,"(41.786309231, -87.66315381)"
10809156,JA107779,01/07/2017 21:30,054XX S WABASH AVE,486,BATTERY,DOMESTIC BATTERY SIMPLE,RESTAURANT,FALSE,TRUE,225,2,3,40,08B,1177642,1868905,2017,02/10/2018 15:50,41.79560024,-87.62411072,"(41.795600242, -87.624110719)"
10809258,JA107951,01/08/2017 2:45,054XX W DEVON AVE,486,BATTERY,DOMESTIC BATTERY SIMPLE,STREET,FALSE,TRUE,1621,16,41,12,08B,1138972,1942130,2017,02/10/2018 15:50,41.99732657,-87.7641354,"(41.997326568, -87.764135399)"
10809329,JA107373,01/07/2017 14:15,010XX S LYTLE ST,560,ASSAULT,SIMPLE,APARTMENT,FALSE,FALSE,1231,12,2,28,08A,1168201,1895562,2017,02/10/2018 15:50,41.86895818,-87.6579626,"(41.868958182, -87.657962602)"
10809346,JA107884,01/07/2017 21:45,021XX N DOMINICK ST,820,THEFT,$500 AND UNDER,STREET,FALSE,FALSE,1811,18,32,7,6,1165998,1914330,2017,02/10/2018 15:50,41.92050621,-87.66551402,"(41.920506206, -87.665514018)"
10809347,JA107927,01/08/2017 0:20,044XX N SACRAMENTO AVE,031A,ROBBERY,ARMED: HANDGUN,SIDEWALK,FALSE,FALSE,1724,17,33,14,3,1155585,1929254,2017,02/10/2018 15:50,41.96167486,-87.70337053,"(41.961674858, -87.703370529)"
10809442,JA107785,01/07/2017 21:35,037XX W 77TH PL,430,BATTERY,AGGRAVATED: OTHER DANG WEAPON,STREET,FALSE,FALSE,833,8,18,70,04B,1152293,1852874,2017,02/10/2018 15:50,41.75214493,-87.717488,"(41.752144933, -87.717487995)"
10809443,JA108015,01/08/2017 5:25,054XX S MILLARD AVE,051A,ASSAULT,AGGRAVATED: HANDGUN,STREET,FALSE,FALSE,822,8,23,62,04A,1152970,1868162,2017,02/10/2018 15:50,41.79408428,-87.714604,"(41.794084279, -87.714604003)"
10809509,JA107930,01/08/2017 1:30,002XX W 87TH ST,031A,ROBBERY,ARMED: HANDGUN,PARKING LOT/GARAGE(NON.RESID.),FALSE,FALSE,634,6,21,44,3,1176454,1847227,2017,02/10/2018 15:50,41.73614018,-87.62911796,"(41.73614018, -87.62911796)"
10809511,JA107861,01/07/2017 23:45,006XX W ARLINGTON PL,1330,CRIMINAL TRESPASS,TO LAND,HOTEL/MOTEL,FALSE,FALSE,1935,19,43,7,26,1171622,1916637,2017,02/10/2018 15:50,41.92671468,-87.64478241,"(41.926714681, -87.644782411)"
10809517,JA107010,01/07/2017 5:00,007XX S CENTRAL PARK AVE,486,BATTERY,DOMESTIC BATTERY SIMPLE,APARTMENT,FALSE,TRUE,1133,11,24,27,08B,1152489,1896709,2017,02/10/2018 15:50,41.87243041,-87.71561506,"(41.872430407, -87.715615062)"
10809525,JA108339,01/08/2017 13:30,088XX S ESCANABA AVE,486,BATTERY,DOMESTIC BATTERY SIMPLE,APARTMENT,FALSE,TRUE,423,4,10,46,08B,1196920,1847012,2017,02/10/2018 15:50,41.73506621,-87.55414617,"(41.735066205, -87.554146165)"
10809545,JA107894,01/08/2017 0:50,011XX W 76TH ST,560,ASSAULT,SIMPLE,APARTMENT,FALSE,TRUE,612,6,17,71,08A,1170158,1854408,2017,02/10/2018 15:50,41.75598487,-87.65197593,"(41.755984872, -87.651975927)"
10809552,JA108110,01/08/2017 8:30,043XX N MENARD AVE,1305,CRIMINAL DAMAGE,CRIMINAL DEFACEMENT,RESIDENCE-GARAGE,FALSE,FALSE,1624,16,38,15,14,1136894,1928437,2017,02/10/2018 15:50,41.95978944,-87.7721097,"(41.95978944, -87.772109703)"
10809553,JA108122,01/08/2017 2:00,047XX N CENTRAL AVE,560,ASSAULT,SIMPLE,APARTMENT,FALSE,FALSE,1622,16,45,15,08A,1138141,1931132,2017,02/10/2018 15:50,41.96716226,-87.76745966,"(41.967162264, -87.76745966)"
10809564,JA108720,01/08/2017 21:35,002XX N WESTERN AVE,820,THEFT,$500 AND UNDER,GAS STATION,FALSE,FALSE,1223,12,27,28,6,1160371,1901450,2017,02/10/2018 15:50,41.88528085,-87.68654552,"(41.885280845, -87.686545515)"
10809617,JA108749,01/08/2017 6:00,049XX S MICHIGAN AVE,610,BURGLARY,FORCIBLE ENTRY,OTHER,FALSE,FALSE,224,2,3,38,5,1177990,1872389,2017,02/10/2018 15:50,41.80515278,-87.62272898,"(41.805152775, -87.622728981)"
10809618,JA108518,01/08/2017 16:50,018XX E 71ST ST,560,ASSAULT,SIMPLE,SIDEWALK,FALSE,FALSE,333,3,5,43,08A,1190056,1858242,2017,02/10/2018 15:50,41.76605011,-87.57893184,"(41.766050106, -87.578931841)"
10809619,JA107669,01/07/2017 19:26,056XX S MORGAN ST,486,BATTERY,DOMESTIC BATTERY SIMPLE,APARTMENT,FALSE,TRUE,712,7,16,68,08B,1170608,1867400,2017,02/10/2018 15:50,41.79162671,-87.64994844,"(41.791626705, -87.649948435)"
10809620,JA105665,01/05/2017 21:28,061XX N SEELEY AVE,486,BATTERY,DOMESTIC BATTERY SIMPLE,APARTMENT,FALSE,TRUE,2413,24,40,2,08B,1161556,1940457,2017,02/10/2018 15:50,41.9922938,-87.68110416,"(41.992293795, -87.681104158)"
10809623,JA106753,01/06/2017 21:59,094XX S ASHLAND AVE,860,THEFT,RETAIL THEFT,SMALL RETAIL STORE,FALSE,FALSE,2221,22,21,73,6,1167331,1841881,2017,02/10/2018 15:50,41.72166994,-87.66269402,"(41.72166994, -87.662694015)"
10809624,JA106739,01/06/2017 21:46,030XX N DAVLIN CT,320,ROBBERY,STRONGARM - NO WEAPON,STREET,FALSE,FALSE,2523,25,31,21,3,1149831,1920155,2017,02/10/2018 15:50,41.93682063,-87.72476314,"(41.936820629, -87.72476314)"
10809625,JA108728,01/08/2017 21:20,026XX N NARRAGANSETT AVE,560,ASSAULT,SIMPLE,RESTAURANT,FALSE,FALSE,2512,25,36,19,08A,1133295,1916925,2017,02/10/2018 15:50,41.92826317,-87.78561194,"(41.928263171, -87.785611939)"
10809648,JA108182,01/08/2017 11:15,031XX W 40TH ST,486,BATTERY,DOMESTIC BATTERY SIMPLE,RESIDENCE,FALSE,TRUE,921,9,14,58,08B,1156098,1877928,2017,02/10/2018 15:50,41.82082114,-87.70287097,"(41.820821143, -87.702870974)"
10809677,JA108315,01/08/2017 13:29,016XX N WASHTENAW AVE,460,BATTERY,SIMPLE,STREET,FALSE,FALSE,1421,14,1,24,08B,1158117,1910873,2017,02/10/2018 15:50,41.91118469,-87.69456498,"(41.91118469, -87.694564983)"
10809680,JA108074,01/08/2017 6:24,017XX N MILWAUKEE AVE,610,BURGLARY,FORCIBLE ENTRY,TAVERN/LIQUOR STORE,FALSE,FALSE,1434,14,32,24,5,1161914,1911347,2017,02/10/2018 15:50,41.91240694,-87.68060283,"(41.912406937, -87.680602833)"
10809683,JA108200,01/08/2017 8:40,072XX S PHILLIPS AVE,486,BATTERY,DOMESTIC BATTERY SIMPLE,APARTMENT,FALSE,TRUE,334,3,7,43,08B,1193782,1857329,2017,02/10/2018 15:50,41.76345428,-87.56530489,"(41.763454279, -87.565304885)"
10809863,JA105869,01/06/2017 7:40,040XX W VAN BUREN ST,560,ASSAULT,SIMPLE,APARTMENT,FALSE,FALSE,1132,11,24,26,08A,1149436,1897715,2017,02/10/2018 15:50,41.87525073,-87.72679796,"(41.875250729, -87.726797963)"
10809867,JA108116,01/08/2017 9:58,006XX S PULASKI RD,560,ASSAULT,SIMPLE,GOVERNMENT BUILDING/PROPERTY,FALSE,FALSE,1132,11,24,26,08A,1149822,1896852,2017,02/10/2018 15:50,41.87287507,-87.72540316,"(41.872875065, -87.725403155)"
10809917,JA108189,01/08/2017 11:00,067XX S WESTERN AVE,320,ROBBERY,STRONGARM - NO WEAPON,CTA BUS STOP,FALSE,FALSE,832,8,15,66,3,1161533,1860003,2017,02/10/2018 15:50,41.77152146,-87.68342984,"(41.771521464, -87.683429837)"
10810096,JA107583,01/07/2017 17:50,004XX W HURON ST,910,MOTOR VEHICLE THEFT,AUTOMOBILE,STREET,FALSE,FALSE,1831,18,42,8,7,1173174,1904991,2017,02/10/2018 15:50,41.89472314,-87.63942576,"(41.894723141, -87.639425761)"
10810232,JA109558,01/09/2017 15:53,041XX W MAYPOLE AVE,031A,ROBBERY,ARMED: HANDGUN,ALLEY,FALSE,FALSE,1114,11,28,26,3,1148785,1901132,2017,02/10/2018 15:50,41.88463996,-87.72909987,"(41.884639962, -87.729099869)"
10810303,JA108615,01/08/2017 18:30,017XX N MILWAUKEE AVE,810,THEFT,OVER $500,VEHICLE NON-COMMERCIAL,FALSE,FALSE,1434,14,32,24,6,1161636,1911585,2017,02/10/2018 15:50,41.91306583,-87.68161749,"(41.913065827, -87.681617486)"
10810317,JA108580,01/08/2017 18:15,022XX N MAPLEWOOD AVE,031A,ROBBERY,ARMED: HANDGUN,SIDEWALK,FALSE,FALSE,1431,14,1,22,3,1158946,1914793,2017,02/10/2018 15:50,41.92192449,-87.69141172,"(41.921924485, -87.691411724)"
10810444,JA109174,01/07/2017 18:30,111XX S MICHIGAN AVE,610,BURGLARY,FORCIBLE ENTRY,SMALL RETAIL STORE,FALSE,FALSE,531,5,9,49,5,1178790,1831274,2017,02/10/2018 15:50,41.69231026,-87.62104324,"(41.692310261, -87.621043241)"
10810506,JA109463,01/09/2017 12:30,079XX S KINGSTON AVE,620,BURGLARY,UNLAWFUL ENTRY,APARTMENT,FALSE,FALSE,422,4,7,46,5,1194568,1852707,2017,02/10/2018 15:50,41.75075187,-87.56257587,"(41.750751865, -87.562575869)"
10810539,JA108792,01/08/2017 21:00,032XX W OGDEN AVE,930,MOTOR VEHICLE THEFT,THEFT/RECOVERY: AUTOMOBILE,STREET,FALSE,FALSE,1022,10,24,29,7,1154877,1891254,2017,02/10/2018 15:50,41.8574138,-87.70699373,"(41.857413801, -87.706993734)"
10810626,JA109037,01/05/2017 12:00,005XX N MC CLURG CT,1153,DECEPTIVE PRACTICE,FINANCIAL IDENTITY THEFT OVER $ 300,RESIDENCE,FALSE,FALSE,1834,18,42,8,11,1179097,1904100,2017,02/10/2018 15:50,41.89214469,-87.61769981,"(41.892144688, -87.617699811)"
10810652,JA109338,01/09/2017 13:45,078XX S GREENWOOD AVE,031A,ROBBERY,ARMED: HANDGUN,STREET,FALSE,FALSE,624,6,8,69,3,1184912,1853242,2017,02/10/2018 15:50,41.75245188,-87.59794281,"(41.752451878, -87.597942812)"
10810659,JA108225,01/08/2017 12:30,061XX S DR MARTIN LUTHER KING JR DR,430,BATTERY,AGGRAVATED: OTHER DANG WEAPON,STREET,FALSE,FALSE,311,3,20,40,04B,1179974,1864409,2017,02/10/2018 15:50,41.78320968,-87.61569688,"(41.783209684, -87.615696882)"
10810661,JA109410,01/05/2017 21:30,044XX N DAMEN AVE,2826,OTHER OFFENSE,HARASSMENT BY ELECTRONIC MEANS,RESIDENCE,TRUE,FALSE,1911,19,47,4,26,1162212,1929532,2017,02/10/2018 15:50,41.96230143,-87.67899814,"(41.962301425, -87.678998144)"
10810678,JA109270,01/09/2017 10:10,053XX S INDIANA AVE,4651,OTHER OFFENSE,SEX OFFENDER: FAIL REG NEW ADD,OTHER,FALSE,FALSE,231,2,3,40,26,1178505,1869684,2017,02/10/2018 15:50,41.79771831,-87.62092242,"(41.79771831, -87.620922418)"
10810684,JA109182,01/07/2017 15:00,053XX W CHICAGO AVE,486,BATTERY,DOMESTIC BATTERY SIMPLE,TAVERN/LIQUOR STORE,FALSE,TRUE,1524,15,37,25,08B,1140417,1904813,2017,02/10/2018 15:50,41.89489865,-87.75973838,"(41.894898651, -87.75973838)"
10810884,JA109520,01/07/2017 9:00,028XX W DEVON AVE,1152,DECEPTIVE PRACTICE,ILLEGAL USE CASH CARD,ATM (AUTOMATIC TELLER MACHINE),FALSE,FALSE,2413,24,50,2,11,1156278,1942331,2017,02/10/2018 15:50,41.9975448,-87.70046744,"(41.997544797, -87.700467444)"
10810915,JA109660,01/09/2017 12:30,114XX S SAWYER AVE,620,BURGLARY,UNLAWFUL ENTRY,RESIDENCE,FALSE,FALSE,2211,22,19,74,5,1156745,1828661,2017,02/10/2018 15:50,41.6856116,-87.70182406,"(41.685611596, -87.701824064)"
10810918,JA110090,01/10/2017 1:00,013XX W 111TH ST,486,BATTERY,DOMESTIC BATTERY SIMPLE,RESIDENCE,FALSE,TRUE,2234,22,34,75,08B,1169387,1831157,2017,02/10/2018 15:50,41.69219741,-87.65547244,"(41.69219741, -87.655472442)"
10810953,JA109793,01/09/2017 18:45,005XX W FULTON ST,1320,CRIMINAL DAMAGE,TO VEHICLE,STREET,FALSE,FALSE,1214,12,42,28,14,1172538,1902104,2017,02/10/2018 15:50,41.88681513,-87.64184704,"(41.88681513, -87.641847038)"
10811203,JA109346,01/09/2017 13:10,080XX S EUCLID AVE,1320,CRIMINAL DAMAGE,TO VEHICLE,STREET,FALSE,FALSE,414,4,8,46,14,1190593,1852149,2017,02/10/2018 15:50,41.74931746,-87.57715988,"(41.749317455, -87.577159884)"
10811218,JA110001,01/09/2017 22:15,015XX N TALMAN AVE,486,BATTERY,DOMESTIC BATTERY SIMPLE,CHA APARTMENT,TRUE,FALSE,1423,14,26,24,08B,1158469,1910106,2017,02/10/2018 15:50,41.90907278,-87.69329288,"(41.90907278, -87.693292877)"
10811312,JA110633,01/09/2017 19:00,052XX W CONGRESS PKWY,1750,OFFENSE INVOLVING CHILDREN,CHILD ABUSE,APARTMENT,FALSE,TRUE,1522,15,29,25,20,1141423,1897178,2017,02/10/2018 15:50,41.87392875,-87.75623214,"(41.873928748, -87.756232138)"
10811344,JA110654,01/10/2017 10:15,095XX S HALSTED ST,890,THEFT,FROM BUILDING,LIBRARY,FALSE,FALSE,2223,22,21,73,6,1172656,1841607,2017,02/10/2018 15:50,41.72080256,-87.64319753,"(41.720802556, -87.643197534)"
10811359,JA110544,01/10/2017 12:40,012XX S SPRINGFIELD AVE,2026,NARCOTICS,POSS: PCP,SIDEWALK,TRUE,FALSE,1011,10,24,29,18,1150575,1894138,2017,02/10/2018 15:50,41.86541287,-87.7227094,"(41.865412869, -87.722709399)"
10811360,JA110574,01/10/2017 13:28,037XX W 16TH ST,326,ROBBERY,AGGRAVATED VEHICULAR HIJACKING,STREET,TRUE,FALSE,1014,10,24,29,3,1151729,1891786,2017,02/10/2018 15:50,41.85893611,-87.71853482,"(41.858936106, -87.718534819)"
10811361,JA110651,01/10/2017 12:40,002XX W MONROE ST,870,THEFT,POCKET-PICKING,RESTAURANT,FALSE,FALSE,122,1,2,32,6,1174585,1899875,2017,02/10/2018 15:50,41.88065311,-87.63439665,"(41.880653112, -87.634396649)"
10811366,JA110656,01/07/2017 12:00,001XX W LAKE ST,810,THEFT,OVER $500,CTA TRAIN,FALSE,FALSE,122,1,42,32,6,1175301,1901735,2017,02/10/2018 15:50,41.88574103,-87.63171175,"(41.885741029, -87.631711749)"
10811367,JA110686,01/10/2017 6:30,006XX W ARMITAGE AVE,1310,CRIMINAL DAMAGE,TO PROPERTY,RESIDENTIAL YARD (FRONT/BACK),FALSE,FALSE,1812,18,43,7,14,1171803,1913552,2017,02/10/2018 15:50,41.91824531,-87.64420842,"(41.918245307, -87.64420842)"
10811371,JA110639,01/10/2017 13:00,040XX W CERMAK RD,420,BATTERY,AGGRAVATED:KNIFE/CUTTING INSTR,SIDEWALK,FALSE,FALSE,1012,10,24,29,04B,1149874,1889076,2017,02/10/2018 15:50,41.85153578,-87.72541439,"(41.851535781, -87.725414393)"
10811372,JA110632,01/03/2017 17:40,004XX S CLINTON ST,1150,DECEPTIVE PRACTICE,CREDIT CARD FRAUD,CTA STATION,FALSE,FALSE,121,1,2,28,11,1172799,1898209,2017,02/10/2018 15:50,41.87612122,-87.64100397,"(41.876121224, -87.641003973)"
10811376,JA109293,01/09/2017 13:00,013XX S LAWNDALE AVE,820,THEFT,$500 AND UNDER,APARTMENT,FALSE,TRUE,1011,10,24,29,6,1151923,1893461,2017,02/10/2018 15:50,41.86352869,-87.71777862,"(41.863528686, -87.717778622)"
10811378,JA110498,01/10/2017 10:59,087XX S EMERALD AVE,2028,NARCOTICS,POSS: SYNTHETIC DRUGS,RESIDENCE,TRUE,FALSE,2223,22,21,71,18,1172839,1846826,2017,02/10/2018 15:50,41.73512019,-87.6423738,"(41.735120189, -87.6423738)"
10811381,JA110666,01/08/2017 19:00,011XX S ASHLAND AVE,910,MOTOR VEHICLE THEFT,AUTOMOBILE,STREET,FALSE,FALSE,1231,12,2,28,7,1165900,1895209,2017,02/10/2018 15:50,41.86803889,-87.66642017,"(41.868038887, -87.666420169)"
10811385,JA110678,01/10/2017 13:43,012XX N MARION CT,1150,DECEPTIVE PRACTICE,CREDIT CARD FRAUD,RESIDENCE,FALSE,FALSE,1424,14,1,24,11,1163773,1908523,2017,02/10/2018 15:50,41.90461866,-87.67385314,"(41.904618658, -87.67385314)"
10811386,JA110159,01/09/2017 18:00,011XX W WELLINGTON AVE,1154,DECEPTIVE PRACTICE,FINANCIAL IDENTITY THEFT $300 AND UNDER,RESIDENCE,FALSE,FALSE,1933,19,44,6,11,1168008,1920069,2017,02/10/2018 15:50,41.93621113,-87.65796283,"(41.936211129, -87.657962827)"
10811389,JA110690,01/09/2017 22:30,002XX W NORTH AVE,890,THEFT,FROM BUILDING,ATHLETIC CLUB,FALSE,FALSE,1814,18,43,7,6,1174063,1910985,2017,02/10/2018 15:50,41.91115121,-87.63598179,"(41.911151209, -87.63598179)"
10811390,JA110514,01/10/2017 12:08,092XX S CLYDE AVE,031A,ROBBERY,ARMED: HANDGUN,ALLEY,TRUE,FALSE,413,4,8,48,3,1191790,1844031,2017,02/10/2018 15:50,41.72701197,-87.57303648,"(41.727011968, -87.573036478)"
10811391,JA110697,01/10/2017 8:00,072XX S MICHIGAN AVE,1310,CRIMINAL DAMAGE,TO PROPERTY,RESIDENCE PORCH/HALLWAY,FALSE,FALSE,323,3,6,69,14,1178417,1856945,2017,02/10/2018 15:50,41.7627632,-87.62163177,"(41.762763202, -87.62163177)"
10811393,JA110700,01/09/2017 15:00,008XX N MONTICELLO AVE,810,THEFT,OVER $500,RESIDENCE PORCH/HALLWAY,FALSE,FALSE,1112,11,27,23,6,1151898,1905368,2017,02/10/2018 15:50,41.89620326,-87.71755678,"(41.896203263, -87.717556781)"
10811397,JA110543,01/10/2017 10:45,039XX S TALMAN AVE,2011,NARCOTICS,MANU/DELIVER:BARBITUATES,APARTMENT,TRUE,FALSE,921,9,12,58,18,1159377,1878269,2017,02/10/2018 15:50,41.82169024,-87.69083261,"(41.821690235, -87.690832606)"
10811398,JA110696,01/05/2017 9:00,010XX N LARAMIE AVE,2826,OTHER OFFENSE,HARASSMENT BY ELECTRONIC MEANS,RESIDENCE,FALSE,FALSE,1531,15,37,25,26,1141506,1906350,2017,02/10/2018 15:50,41.89909631,-87.75570072,"(41.899096313, -87.755700717)"
10811400,JA110704,01/10/2017 12:00,011XX W 51ST ST,1320,CRIMINAL DAMAGE,TO VEHICLE,STREET,FALSE,FALSE,933,9,16,61,14,1169382,1870974,2017,02/10/2018 15:50,41.80146082,-87.65434043,"(41.801460819, -87.654340425)"
10811401,JA110594,01/10/2017 13:45,010XX W WILSON AVE,1330,CRIMINAL TRESPASS,TO LAND,RESTAURANT,FALSE,FALSE,1914,19,46,3,26,1168668,1930721,2017,02/10/2018 15:50,41.96542634,-87.65522754,"(41.965426344, -87.655227542)"
10811405,JA110646,01/10/2017 9:30,132XX S BUFFALO AVE,610,BURGLARY,FORCIBLE ENTRY,RESIDENCE,FALSE,FALSE,433,4,10,55,5,1200091,1817709,2017,02/10/2018 15:50,41.65457668,-87.5435136,"(41.65457668, -87.543513604)"
10811407,JA110660,01/10/2017 13:00,002XX W MONROE ST,1150,DECEPTIVE PRACTICE,CREDIT CARD FRAUD,RESTAURANT,FALSE,FALSE,122,1,2,32,11,1174585,1899875,2017,02/10/2018 15:50,41.88065311,-87.63439665,"(41.880653112, -87.634396649)"
10811413,JA110502,01/10/2017 11:47,015XX N CLYBOURN AVE,860,THEFT,RETAIL THEFT,GROCERY FOOD STORE,TRUE,FALSE,1822,18,27,8,6,1171167,1910123,2017,02/10/2018 15:50,41.90884995,-87.64664598,"(41.908849952, -87.646645976)"
10811414,JA110624,01/10/2017 13:53,044XX W VAN BUREN ST,041A,BATTERY,AGGRAVATED: HANDGUN,STREET,TRUE,FALSE,1131,11,24,26,04B,1146829,1897653,2017,02/10/2018 15:50,41.87513075,-87.73637151,"(41.875130749, -87.736371509)"
10811415,JA110671,01/10/2017 13:05,008XX W NORTH AVE,860,THEFT,RETAIL THEFT,OTHER,FALSE,FALSE,1822,18,43,8,6,1170635,1910871,2017,02/10/2018 15:50,41.91091418,-87.64857834,"(41.910914175, -87.648578343)"
10811424,JA110663,01/10/2017 13:30,006XX E 131ST ST,545,ASSAULT,PRO EMP HANDS NO/MIN INJURY,"SCHOOL, PUBLIC, BUILDING",TRUE,FALSE,533,5,9,54,08A,1182901,1818558,2017,02/10/2018 15:50,41.65732147,-87.60638511,"(41.657321469, -87.606385112)"
10811425,JA110712,01/08/2017 14:00,020XX N DAMEN AVE,890,THEFT,FROM BUILDING,RESIDENCE-GARAGE,FALSE,FALSE,1432,14,32,22,6,1162696,1913738,2017,02/10/2018 15:50,41.91895164,-87.67766282,"(41.918951639, -87.677662824)"
10811426,JA110701,01/10/2017 14:51,057XX S ASHLAND AVE,486,BATTERY,DOMESTIC BATTERY SIMPLE,STREET,FALSE,TRUE,715,7,15,67,08B,1166650,1866751,2017,02/10/2018 15:50,41.78993119,-87.66448019,"(41.789931189, -87.664480186)"
10811432,JA110623,01/10/2017 13:55,015XX E 53RD ST,860,THEFT,RETAIL THEFT,SMALL RETAIL STORE,TRUE,FALSE,234,2,4,41,6,1187590,1870433,2017,02/10/2018 15:50,41.79956218,-87.58758291,"(41.799562177, -87.587582914)"
10811436,JA110683,01/10/2017 7:10,019XX S CENTRAL PARK AVE,820,THEFT,$500 AND UNDER,PARKING LOT/GARAGE(NON.RESID.),FALSE,FALSE,1024,10,24,29,6,1152688,1889938,2017,02/10/2018 15:50,41.85384608,-87.71506347,"(41.85384608, -87.715063469)"
10811456,JA109953,01/08/2017 15:06,051XX S UNIVERSITY AVE,560,ASSAULT,SIMPLE,RESIDENCE,FALSE,FALSE,233,2,4,41,08A,1184678,1871265,2017,02/10/2018 15:50,41.80191408,-87.59823574,"(41.80191408, -87.59823574)"
10811481,JA110119,01/10/2017 4:55,082XX S SCOTTSDALE AVE,486,BATTERY,DOMESTIC BATTERY SIMPLE,RESIDENCE,FALSE,TRUE,834,8,13,70,08B,1147541,1849663,2017,02/10/2018 15:50,41.74342539,-87.73498406,"(41.743425394, -87.734984061)"
10811525,JA110807,01/10/2017 15:00,054XX W QUINCY ST,2826,OTHER OFFENSE,HARASSMENT BY ELECTRONIC MEANS,RESIDENCE,FALSE,TRUE,1522,15,29,25,26,1140249,1898470,2017,02/10/2018 15:50,41.87749574,-87.76051092,"(41.877495744, -87.760510915)"
10811530,JA110767,01/10/2017 15:10,044XX W WASHINGTON BLVD,2027,NARCOTICS,POSS: CRACK,RESIDENTIAL YARD (FRONT/BACK),TRUE,FALSE,1113,11,28,26,18,1146782,1900126,2017,02/10/2018 15:50,41.88191785,-87.73648093,"(41.881917848, -87.736480932)"
10811544,JA110885,01/06/2017 7:20,025XX W CULLOM AVE,1320,CRIMINAL DAMAGE,TO VEHICLE,RESIDENCE,FALSE,FALSE,1911,19,47,5,14,1158455,1928470,2017,02/10/2018 15:50,41.95946513,-87.69284032,"(41.959465134, -87.692840319)"
10811549,JA110880,01/06/2017 14:00,026XX W 12TH PL,2820,OTHER OFFENSE,TELEPHONE THREAT,RESIDENCE,FALSE,FALSE,1023,10,28,29,26,1158779,1894289,2017,02/10/2018 15:50,41.86566315,-87.69258794,"(41.865663151, -87.692587939)"
10811551,JA109237,01/09/2017 10:30,007XX S WABASH AVE,820,THEFT,$500 AND UNDER,PARKING LOT/GARAGE(NON.RESID.),FALSE,FALSE,123,1,2,32,6,1176908,1896948,2017,02/10/2018 15:50,41.87256902,-87.62595547,"(41.872569023, -87.625955471)"
10811558,JA110834,01/01/2017 20:00,107XX S LA SALLE ST,1153,DECEPTIVE PRACTICE,FINANCIAL IDENTITY THEFT OVER $ 300,RESIDENCE,FALSE,FALSE,513,5,34,49,11,1177178,1833706,2017,02/10/2018 15:50,41.69902045,-87.62687197,"(41.69902045, -87.626871965)"
10811568,JA110795,01/10/2017 15:44,063XX S DAMEN AVE,560,ASSAULT,SIMPLE,GAS STATION,FALSE,FALSE,726,7,15,67,08A,1164113,1862700,2017,02/10/2018 15:50,41.77886851,-87.67389658,"(41.778868505, -87.673896581)"
10811573,JA110816,01/10/2017 15:30,001XX W JACKSON BLVD,560,ASSAULT,SIMPLE,RESTAURANT,FALSE,FALSE,122,1,2,32,08A,1175454,1898968,2017,02/10/2018 15:50,41.87814479,-87.63123304,"(41.878144785, -87.631233035)"
